class,subject,component,batch,faculty
SE-CE-A,CE201,L,,F01
SE-CE-A,CE202,L,,F09
SE-CE-A,CE202,T,,F09
SE-CE-A,CE203,L,,F04
SE-CE-A,CE204,L,,F07
SE-CE-A,CE205,L,,F15
SE-CE-B,CE201,L,,F04
SE-CE-B,CE202,L,,F09
SE-CE-B,CE202,T,,F09
SE-CE-B,CE203,L,,F10
SE-CE-B,CE204,L,,F07
SE-CE-B,CE205,L,,
SE-CE-A,CE201,P,A1,F04
SE-CE-A,CE201,P,A2,F10
SE-CE-A,CE203,P,A1,F10
SE-CE-A,CE203,P,A2,F10
SE-CE-B,CE201,P,B1,F04
SE-CE-B,CE201,P,B2,F12
SE-CE-B,CE203,P,B1,F13
SE-CE-B,CE203,P,B2,F13
TE-CE-A,CE301,L,,F01
TE-CE-A,CE302,L,,F03
TE-CE-A,CE303,L,,F03
TE-CE-A,CE304,L,,F02
TE-CE-A,CE305,L,,F02
TE-CE-A,CE301,P,A1,F01
TE-CE-A,CE301,P,A2,F02
TE-CE-A,CE305,P,A1,F07
TE-CE-A,CE305,P,A2,F07
TE-CE-B,CE301,L,,F01
TE-CE-B,CE302,L,,F03
TE-CE-B,CE303,L,,F08
TE-CE-B,CE304,L,,F08
TE-CE-B,CE305,L,,F07
TE-CE-B,CE301,P,B1,F02
TE-CE-B,CE301,P,B2,F02
TE-CE-B,CE305,P,B1,F07
TE-CE-B,CE305,P,B2,F13
BE-CE-A,CE401,L,,F05
BE-CE-A,CE402,L,,F06
BE-CE-A,CE403,L,,F03
BE-CE-A,CE404,L,,F08
BE-CE-A,CE405,L,,F05
BE-CE-A,CE401,P,A1,F05
BE-CE-A,CE401,P,A2,F06
BE-CE-A,CE402,P,A1,F06
BE-CE-A,CE402,P,A2,F06
BE-CE-B,CE401,L,,F05
BE-CE-B,CE402,L,,F06
BE-CE-B,CE403,L,,F10
BE-CE-B,CE404,L,,
BE-CE-B,CE405,L,,F05
BE-CE-B,CE401,P,B1,F05
BE-CE-B,CE401,P,B2,F06
BE-CE-B,CE402,P,B1,F06
BE-CE-B,CE402,P,B2,F05
SE-IT-A,CE201,L,,F12
SE-IT-A,CE202,L,,F16
SE-IT-A,CE202,T,,F16
SE-IT-A,IT203,L,,F12
SE-IT-A,IT204,L,,F13
SE-IT-A,CE201,P,A1,F12
SE-IT-A,CE201,P,A2,F12
SE-IT-A,IT204,P,A1,F04
SE-IT-A,IT204,P,A2,F13
TE-IT-A,CE301,L,,F11
TE-IT-A,CE303,L,,
TE-IT-A,CE305,L,,F13
TE-IT-A,IT304,L,,F11
TE-IT-A,CE301,P,A1,F11
TE-IT-A,CE301,P,A2,F11
TE-IT-A,CE305,P,A1,F13
TE-IT-A,CE305,P,A2,F13
SE-ET-A,ET201,L,,F14
SE-ET-A,ET202,L,,F15
SE-ET-A,ET203,L,,F14
SE-ET-A,ET204,L,,F16
SE-ET-A,ET204,T,,F16
SE-ET-A,CE205,L,,F15
SE-ET-A,ET202,P,A1,F15
SE-ET-A,ET202,P,A2,F15
