faculty,day,period_index,kind
F01,Friday,6,UNAVAILABLE
F01,Friday,7,UNAVAILABLE
F01,Friday,8,UNAVAILABLE
F05,Monday,1,UNAVAILABLE
F05,Monday,2,UNAVAILABLE
F14,Wednesday,1,UNAVAILABLE
F14,Wednesday,2,UNAVAILABLE
F14,Wednesday,3,UNAVAILABLE
F14,Wednesday,4,UNAVAILABLE
F14,Wednesday,6,UNAVAILABLE
F14,Wednesday,7,UNAVAILABLE
F14,Wednesday,8,UNAVAILABLE
F03,Monday,1,PREFERRED
F03,Monday,2,PREFERRED
F03,Monday,3,PREFERRED
F03,Tuesday,1,PREFERRED
F03,Tuesday,2,PREFERRED
F03,Tuesday,3,PREFERRED
F03,Wednesday,1,PREFERRED
F03,Wednesday,2,PREFERRED
F03,Wednesday,3,PREFERRED
F03,Thursday,1,PREFERRED
F03,Thursday,2,PREFERRED
F03,Thursday,3,PREFERRED
F03,Friday,1,PREFERRED
F03,Friday,2,PREFERRED
F03,Friday,3,PREFERRED
F02,Monday,2,PREFERRED
F02,Monday,3,PREFERRED
F02,Monday,4,PREFERRED
F02,Wednesday,2,PREFERRED
F02,Wednesday,3,PREFERRED
F02,Wednesday,4,PREFERRED
F02,Friday,2,PREFERRED
F02,Friday,3,PREFERRED
F02,Friday,4,PREFERRED
