code,name,kind,capacity,lab_type,department
CR101,Classroom 101,CLASSROOM,72,,CE
CR102,Classroom 102,CLASSROOM,72,,CE
CR103,Classroom 103,CLASSROOM,72,,CE
CR104,Classroom 104,CLASSROOM,72,,CE
CR105,Classroom 105,CLASSROOM,66,,CE
CR106,Classroom 106,CLASSROOM,66,,CE
CR107,Classroom 107,CLASSROOM,66,,IT
CR108,Classroom 108,CLASSROOM,60,,IT
CR109,Classroom 109,CLASSROOM,60,,ENTC
CR110,Classroom 110,CLASSROOM,80,,
CR111,Classroom 111,CLASSROOM,50,,
CR112,Classroom 112,CLASSROOM,50,,
LAB-PL1,Programming Lab 1,LAB,36,COMPUTER,CE
LAB-PL2,Programming Lab 2,LAB,36,COMPUTER,CE
LAB-DB,Database Lab,LAB,36,COMPUTER,CE
LAB-AI,AI & ML Lab,LAB,36,COMPUTER,CE
LAB-NW,Networks Lab,LAB,40,COMPUTER,IT
LAB-EL,Electronics Lab,LAB,32,ELECTRONICS,ENTC
